{
  "run_name": "indirect_2_dirichlet_point_20260603_092312",
  "timestamp": "2026-06-03T09:24:02.502593",
  "cost": {
    "J_total": 106.45625942315547,
    "J_running": 84.05625942315547,
    "J_terminal": 22.400000000000002,
    "J_energy": 81.811541271001,
    "J_healthy": 0.0047181521544603245,
    "J_time_rate": 2.239999999999996,
    "J_ablation": 0.0,
    "J_tf": 22.400000000000002
  },
  "constraints": {
    "path": {
      "max_temperature_violation_degC": 2.578670210504832,
      "any_control_violation": false,
      "satisfied": false
    },
    "terminal": {
      "ablation": {
        "fraction_ablated": 1.0,
        "mean_omega_tumor": 1004.5520091306665,
        "min_omega_tumor": 1.0210469922074232,
        "satisfied": true,
        "satisfied_95pct": true
      },
      "time": {
        "t_f": 224.0,
        "T_max": 600.0,
        "satisfied": true
      },
      "all_satisfied": true
    },
    "overall_satisfied": false
  },
  "cfg": {
    "Nx": 50,
    "Ny": 50,
    "dt": 1.0,
    "t_final": 300.0,
    "P_max": 50.0,
    "T_safe": 45.0
  }
}