{
  "run_name": "direct_2_dirichlet_point_20260603_092459",
  "timestamp": "2026-06-03T09:34:06.206432",
  "cost": {
    "J_total": 109.55446937135845,
    "J_running": 83.55446937135845,
    "J_terminal": 26.0,
    "J_energy": 80.94889515385569,
    "J_healthy": 0.005574217502771121,
    "J_time_rate": 2.5999999999999885,
    "J_ablation": 0.0,
    "J_tf": 26.0
  },
  "constraints": {
    "path": {
      "max_temperature_violation_degC": 2.4936269849807147,
      "any_control_violation": false,
      "satisfied": false
    },
    "terminal": {
      "ablation": {
        "fraction_ablated": 1.0,
        "mean_omega_tumor": 671.0050022962827,
        "min_omega_tumor": 1.0000000910020432,
        "satisfied": true,
        "satisfied_95pct": true
      },
      "time": {
        "t_f": 260.0,
        "T_max": 600.0,
        "satisfied": true
      },
      "all_satisfied": true
    },
    "overall_satisfied": false
  },
  "cfg": {
    "Nx": 50,
    "Ny": 50,
    "dt": 1.0,
    "t_final": 300.0,
    "P_max": 50.0,
    "T_safe": 45.0
  }
}